{"cameraMode":{"drawMode":0,"name":"Shaded","section":"Shading Mode"},"sceneLighting":false,"audioPlay":false,"sceneViewState":{"showFog":true,"showMaterialUpdate":false,"showSkybox":false,"showFlares":true,"showImageEffects":true,"showParticleSystems":true},"in2DMode":false,"pivot":{"x":-0.2794649600982666,"y":6.118408203125,"z":-0.6603517532348633},"rotation":{"x":-0.1695806384086609,"y":0.004970571957528591,"z":-0.001092403195798397,"w":-0.9855688810348511},"size":2.9759583473205568,"orthographic":true}