{"cameraMode":{"drawMode":0,"name":"Shaded","section":"Shading Mode"},"sceneLighting":true,"audioPlay":false,"sceneViewState":{"showFog":true,"showMaterialUpdate":false,"showSkybox":true,"showFlares":true,"showImageEffects":true,"showParticleSystems":true},"in2DMode":false,"pivot":{"x":71.16316223144531,"y":-1.2516306638717652,"z":-5.796219825744629},"rotation":{"x":0.26170799136161806,"y":0.3641284108161926,"z":-0.10739413648843765,"w":0.8873544931411743},"size":14.9888334274292,"orthographic":true}