{"cameraMode":{"drawMode":0,"name":"Shaded","section":"Shading Mode"},"sceneLighting":true,"audioPlay":false,"sceneViewState":{"showFog":true,"showMaterialUpdate":false,"showSkybox":true,"showFlares":true,"showImageEffects":true,"showParticleSystems":true},"in2DMode":false,"pivot":{"x":56.0322265625,"y":52.2451171875,"z":-59.310546875},"rotation":{"x":0.33361437916755679,"y":0.22731482982635499,"z":-0.08323885500431061,"w":0.9111127853393555},"size":12.997532844543457,"orthographic":true}