{"cameraMode":{"drawMode":0,"name":"Shaded","section":"Shading Mode"},"sceneLighting":false,"audioPlay":false,"sceneViewState":{"showFog":true,"showMaterialUpdate":false,"showSkybox":false,"showFlares":true,"showImageEffects":true,"showParticleSystems":true},"in2DMode":false,"pivot":{"x":-0.2794649600982666,"y":6.118408203125,"z":-0.6603517532348633},"rotation":{"x":-0.4865356683731079,"y":-0.1399572491645813,"z":0.07902634888887406,"w":-0.8588248491287231},"size":3.6421639919281008,"orthographic":true}